enhancer_id	size	covered	sum	mean0	mean	dataset_label	genome_build_quant	quant_file	factor	source_db	series_accession	sample_accession	run_accession	assay_type	tissue	limb_type	dev_stage	genotype	replicate	control_accession	genome_build	file_type	download_url	preferred_use	reason_if_not_score	notes	rank_desc_mean0	percentile_rank
mm2080	5250	1650	11273.1	2.14726	6.83219	GSM1342121_HAND2_LIMB_3xF	mm9	GSM1342121_HAND2_LIMB_3xF.mm9.bigWigAverageOverBed.tsv	HAND2	GEO	GSE55707	GSM1342121		ChIP-seq	embryonic limb bud	limb_unspecified	E10.5	3xF		GSM1342123	mm9	wig->bigWig	ftp_geo_series_tar	score	HAND2 3xF weighted coverage WIG from GSE55707 RAW tar		5.0	0.6666666666666666
mm2176	5457	2401	15915.0	2.91644	6.6285	GSM1342121_HAND2_LIMB_3xF	mm9	GSM1342121_HAND2_LIMB_3xF.mm9.bigWigAverageOverBed.tsv	HAND2	GEO	GSE55707	GSM1342121		ChIP-seq	embryonic limb bud	limb_unspecified	E10.5	3xF		GSM1342123	mm9	wig->bigWig	ftp_geo_series_tar	score	HAND2 3xF weighted coverage WIG from GSE55707 RAW tar		3.0	0.8333333333333334
mm1859	5188	1900	7418.0	1.42984	3.90421	GSM1342121_HAND2_LIMB_3xF	mm9	GSM1342121_HAND2_LIMB_3xF.mm9.bigWigAverageOverBed.tsv	HAND2	GEO	GSE55707	GSM1342121		ChIP-seq	embryonic limb bud	limb_unspecified	E10.5	3xF		GSM1342123	mm9	wig->bigWig	ftp_geo_series_tar	score	HAND2 3xF weighted coverage WIG from GSE55707 RAW tar		7.0	0.5
mm2164	5620	1433	10938.9	1.94643	7.6336	GSM1342121_HAND2_LIMB_3xF	mm9	GSM1342121_HAND2_LIMB_3xF.mm9.bigWigAverageOverBed.tsv	HAND2	GEO	GSE55707	GSM1342121		ChIP-seq	embryonic limb bud	limb_unspecified	E10.5	3xF		GSM1342123	mm9	wig->bigWig	ftp_geo_series_tar	score	HAND2 3xF weighted coverage WIG from GSE55707 RAW tar		6.0	0.5833333333333334
mm1887	5267	900	241.0	0.0457566	0.267778	GSM1342121_HAND2_LIMB_3xF	mm9	GSM1342121_HAND2_LIMB_3xF.mm9.bigWigAverageOverBed.tsv	HAND2	GEO	GSE55707	GSM1342121		ChIP-seq	embryonic limb bud	limb_unspecified	E10.5	3xF		GSM1342123	mm9	wig->bigWig	ftp_geo_series_tar	score	HAND2 3xF weighted coverage WIG from GSE55707 RAW tar		10.0	0.25
mm1179	1516	300	3.0	0.00197889	0.01	GSM1342121_HAND2_LIMB_3xF	mm9	GSM1342121_HAND2_LIMB_3xF.mm9.bigWigAverageOverBed.tsv	HAND2	GEO	GSE55707	GSM1342121		ChIP-seq	embryonic limb bud	limb_unspecified	E10.5	3xF		GSM1342123	mm9	wig->bigWig	ftp_geo_series_tar	score	HAND2 3xF weighted coverage WIG from GSE55707 RAW tar		11.0	0.16666666666666666
mm1889	5399	1220	5706.6	1.05697	4.67754	GSM1342121_HAND2_LIMB_3xF	mm9	GSM1342121_HAND2_LIMB_3xF.mm9.bigWigAverageOverBed.tsv	HAND2	GEO	GSE55707	GSM1342121		ChIP-seq	embryonic limb bud	limb_unspecified	E10.5	3xF		GSM1342123	mm9	wig->bigWig	ftp_geo_series_tar	score	HAND2 3xF weighted coverage WIG from GSE55707 RAW tar		8.0	0.4166666666666667
CNE14_hs1586_mm1977	1119	624	16024.8	14.3206	25.6807	GSM1342121_HAND2_LIMB_3xF	mm9	GSM1342121_HAND2_LIMB_3xF.mm9.bigWigAverageOverBed.tsv	HAND2	GEO	GSE55707	GSM1342121		ChIP-seq	embryonic limb bud	limb_unspecified	E10.5	3xF		GSM1342123	mm9	wig->bigWig	ftp_geo_series_tar	score	HAND2 3xF weighted coverage WIG from GSE55707 RAW tar		1.0	1.0
mm2018	5256	1278	14875.8	2.83025	11.6399	GSM1342121_HAND2_LIMB_3xF	mm9	GSM1342121_HAND2_LIMB_3xF.mm9.bigWigAverageOverBed.tsv	HAND2	GEO	GSE55707	GSM1342121		ChIP-seq	embryonic limb bud	limb_unspecified	E10.5	3xF		GSM1342123	mm9	wig->bigWig	ftp_geo_series_tar	score	HAND2 3xF weighted coverage WIG from GSE55707 RAW tar		4.0	0.75
CNE18	700	100	5000.0	7.14286	50.0	GSM1342121_HAND2_LIMB_3xF	mm9	GSM1342121_HAND2_LIMB_3xF.mm9.bigWigAverageOverBed.tsv	HAND2	GEO	GSE55707	GSM1342121		ChIP-seq	embryonic limb bud	limb_unspecified	E10.5	3xF		GSM1342123	mm9	wig->bigWig	ftp_geo_series_tar	score	HAND2 3xF weighted coverage WIG from GSE55707 RAW tar		2.0	0.9166666666666666
CNE19	613	0	0.0	0.0	0.0	GSM1342121_HAND2_LIMB_3xF	mm9	GSM1342121_HAND2_LIMB_3xF.mm9.bigWigAverageOverBed.tsv	HAND2	GEO	GSE55707	GSM1342121		ChIP-seq	embryonic limb bud	limb_unspecified	E10.5	3xF		GSM1342123	mm9	wig->bigWig	ftp_geo_series_tar	score	HAND2 3xF weighted coverage WIG from GSE55707 RAW tar		12.5	0.041666666666666664
CNE21	690	43	387.0	0.56087	9.0	GSM1342121_HAND2_LIMB_3xF	mm9	GSM1342121_HAND2_LIMB_3xF.mm9.bigWigAverageOverBed.tsv	HAND2	GEO	GSE55707	GSM1342121		ChIP-seq	embryonic limb bud	limb_unspecified	E10.5	3xF		GSM1342123	mm9	wig->bigWig	ftp_geo_series_tar	score	HAND2 3xF weighted coverage WIG from GSE55707 RAW tar		9.0	0.3333333333333333
CNE13	425	0	0.0	0.0	0.0	GSM1342121_HAND2_LIMB_3xF	mm9	GSM1342121_HAND2_LIMB_3xF.mm9.bigWigAverageOverBed.tsv	HAND2	GEO	GSE55707	GSM1342121		ChIP-seq	embryonic limb bud	limb_unspecified	E10.5	3xF		GSM1342123	mm9	wig->bigWig	ftp_geo_series_tar	score	HAND2 3xF weighted coverage WIG from GSE55707 RAW tar		12.5	0.041666666666666664
mm2080	5250	1377	6892.7	1.3129	5.00559	GSM1342122_HAND2_LIMB_WT	mm9	GSM1342122_HAND2_LIMB_WT.mm9.bigWigAverageOverBed.tsv	HAND2	GEO	GSE55707	GSM1342122		ChIP-seq	embryonic limb bud	limb_unspecified	E10.5	WT		GSM1342124	mm9	wig->bigWig	ftp_geo_series_tar	score	HAND2 WT weighted coverage WIG from GSE55707 RAW tar		7.0	0.5
mm2176	5457	2101	20830.1	3.81713	9.91436	GSM1342122_HAND2_LIMB_WT	mm9	GSM1342122_HAND2_LIMB_WT.mm9.bigWigAverageOverBed.tsv	HAND2	GEO	GSE55707	GSM1342122		ChIP-seq	embryonic limb bud	limb_unspecified	E10.5	WT		GSM1342124	mm9	wig->bigWig	ftp_geo_series_tar	score	HAND2 WT weighted coverage WIG from GSE55707 RAW tar		3.0	0.8333333333333334
mm1859	5188	1400	2108.0	0.406322	1.50571	GSM1342122_HAND2_LIMB_WT	mm9	GSM1342122_HAND2_LIMB_WT.mm9.bigWigAverageOverBed.tsv	HAND2	GEO	GSE55707	GSM1342122		ChIP-seq	embryonic limb bud	limb_unspecified	E10.5	WT		GSM1342124	mm9	wig->bigWig	ftp_geo_series_tar	score	HAND2 WT weighted coverage WIG from GSE55707 RAW tar		9.0	0.3333333333333333
mm2164	5620	1200	9178.0	1.6331	7.64833	GSM1342122_HAND2_LIMB_WT	mm9	GSM1342122_HAND2_LIMB_WT.mm9.bigWigAverageOverBed.tsv	HAND2	GEO	GSE55707	GSM1342122		ChIP-seq	embryonic limb bud	limb_unspecified	E10.5	WT		GSM1342124	mm9	wig->bigWig	ftp_geo_series_tar	score	HAND2 WT weighted coverage WIG from GSE55707 RAW tar		6.0	0.5833333333333334
mm1887	5267	1000	820.0	0.155686	0.82	GSM1342122_HAND2_LIMB_WT	mm9	GSM1342122_HAND2_LIMB_WT.mm9.bigWigAverageOverBed.tsv	HAND2	GEO	GSE55707	GSM1342122		ChIP-seq	embryonic limb bud	limb_unspecified	E10.5	WT		GSM1342124	mm9	wig->bigWig	ftp_geo_series_tar	score	HAND2 WT weighted coverage WIG from GSE55707 RAW tar		10.0	0.25
mm1179	1516	400	88.0	0.0580475	0.22	GSM1342122_HAND2_LIMB_WT	mm9	GSM1342122_HAND2_LIMB_WT.mm9.bigWigAverageOverBed.tsv	HAND2	GEO	GSE55707	GSM1342122		ChIP-seq	embryonic limb bud	limb_unspecified	E10.5	WT		GSM1342124	mm9	wig->bigWig	ftp_geo_series_tar	score	HAND2 WT weighted coverage WIG from GSE55707 RAW tar		12.0	0.08333333333333333
mm1889	5399	900	3670.0	0.679756	4.07778	GSM1342122_HAND2_LIMB_WT	mm9	GSM1342122_HAND2_LIMB_WT.mm9.bigWigAverageOverBed.tsv	HAND2	GEO	GSE55707	GSM1342122		ChIP-seq	embryonic limb bud	limb_unspecified	E10.5	WT		GSM1342124	mm9	wig->bigWig	ftp_geo_series_tar	score	HAND2 WT weighted coverage WIG from GSE55707 RAW tar		8.0	0.4166666666666667
CNE14_hs1586_mm1977	1119	224	4670.24	4.17358	20.8493	GSM1342122_HAND2_LIMB_WT	mm9	GSM1342122_HAND2_LIMB_WT.mm9.bigWigAverageOverBed.tsv	HAND2	GEO	GSE55707	GSM1342122		ChIP-seq	embryonic limb bud	limb_unspecified	E10.5	WT		GSM1342124	mm9	wig->bigWig	ftp_geo_series_tar	score	HAND2 WT weighted coverage WIG from GSE55707 RAW tar		2.0	0.9166666666666666
mm2018	5256	478	11250.0	2.14041	23.5356	GSM1342122_HAND2_LIMB_WT	mm9	GSM1342122_HAND2_LIMB_WT.mm9.bigWigAverageOverBed.tsv	HAND2	GEO	GSE55707	GSM1342122		ChIP-seq	embryonic limb bud	limb_unspecified	E10.5	WT		GSM1342124	mm9	wig->bigWig	ftp_geo_series_tar	score	HAND2 WT weighted coverage WIG from GSE55707 RAW tar		4.0	0.75
CNE18	700	379	1174.0	1.67714	3.09763	GSM1342122_HAND2_LIMB_WT	mm9	GSM1342122_HAND2_LIMB_WT.mm9.bigWigAverageOverBed.tsv	HAND2	GEO	GSE55707	GSM1342122		ChIP-seq	embryonic limb bud	limb_unspecified	E10.5	WT		GSM1342124	mm9	wig->bigWig	ftp_geo_series_tar	score	HAND2 WT weighted coverage WIG from GSE55707 RAW tar		5.0	0.6666666666666666
CNE19	613	0	0.0	0.0	0.0	GSM1342122_HAND2_LIMB_WT	mm9	GSM1342122_HAND2_LIMB_WT.mm9.bigWigAverageOverBed.tsv	HAND2	GEO	GSE55707	GSM1342122		ChIP-seq	embryonic limb bud	limb_unspecified	E10.5	WT		GSM1342124	mm9	wig->bigWig	ftp_geo_series_tar	score	HAND2 WT weighted coverage WIG from GSE55707 RAW tar		13.0	0.0
CNE21	690	100	100.0	0.144928	1.0	GSM1342122_HAND2_LIMB_WT	mm9	GSM1342122_HAND2_LIMB_WT.mm9.bigWigAverageOverBed.tsv	HAND2	GEO	GSE55707	GSM1342122		ChIP-seq	embryonic limb bud	limb_unspecified	E10.5	WT		GSM1342124	mm9	wig->bigWig	ftp_geo_series_tar	score	HAND2 WT weighted coverage WIG from GSE55707 RAW tar		11.0	0.16666666666666666
CNE13	425	173	3282.33	7.72313	18.973	GSM1342122_HAND2_LIMB_WT	mm9	GSM1342122_HAND2_LIMB_WT.mm9.bigWigAverageOverBed.tsv	HAND2	GEO	GSE55707	GSM1342122		ChIP-seq	embryonic limb bud	limb_unspecified	E10.5	WT		GSM1342124	mm9	wig->bigWig	ftp_geo_series_tar	score	HAND2 WT weighted coverage WIG from GSE55707 RAW tar		1.0	1.0
mm2080	5250	477	199.77	0.0380514	0.418805	GSM1447340_HAND2_LIMB_3xF_reproc	mm9	GSM1447340_HAND2_LIMB_3xF_reproc.mm9.bigWigAverageOverBed.tsv	HAND2	GEO	GSE55707	GSM1447340		ChIP-seq	embryonic limb bud	limb_unspecified	E10.5	3xF_reprocessed		GSM1447341	mm9	wig->bigWig	ftp_geo_series_tar	descriptive_only	Sparser dynamic range and higher zero count across 13 enhancers	Retained for sensitivity/QC, excluded from primary factor scoring aggregation	5.0	0.6666666666666666
mm2176	5457	700	1934.0	0.354407	2.76286	GSM1447340_HAND2_LIMB_3xF_reproc	mm9	GSM1447340_HAND2_LIMB_3xF_reproc.mm9.bigWigAverageOverBed.tsv	HAND2	GEO	GSE55707	GSM1447340		ChIP-seq	embryonic limb bud	limb_unspecified	E10.5	3xF_reprocessed		GSM1447341	mm9	wig->bigWig	ftp_geo_series_tar	descriptive_only	Sparser dynamic range and higher zero count across 13 enhancers	Retained for sensitivity/QC, excluded from primary factor scoring aggregation	2.0	0.9166666666666666
mm1859	5188	200	119.0	0.0229375	0.595	GSM1447340_HAND2_LIMB_3xF_reproc	mm9	GSM1447340_HAND2_LIMB_3xF_reproc.mm9.bigWigAverageOverBed.tsv	HAND2	GEO	GSE55707	GSM1447340		ChIP-seq	embryonic limb bud	limb_unspecified	E10.5	3xF_reprocessed		GSM1447341	mm9	wig->bigWig	ftp_geo_series_tar	descriptive_only	Sparser dynamic range and higher zero count across 13 enhancers	Retained for sensitivity/QC, excluded from primary factor scoring aggregation	6.0	0.5833333333333334
mm2164	5620	0	0.0	0.0	0.0	GSM1447340_HAND2_LIMB_3xF_reproc	mm9	GSM1447340_HAND2_LIMB_3xF_reproc.mm9.bigWigAverageOverBed.tsv	HAND2	GEO	GSE55707	GSM1447340		ChIP-seq	embryonic limb bud	limb_unspecified	E10.5	3xF_reprocessed		GSM1447341	mm9	wig->bigWig	ftp_geo_series_tar	descriptive_only	Sparser dynamic range and higher zero count across 13 enhancers	Retained for sensitivity/QC, excluded from primary factor scoring aggregation	10.5	0.20833333333333334
mm1887	5267	1300	321.0	0.0609455	0.246923	GSM1447340_HAND2_LIMB_3xF_reproc	mm9	GSM1447340_HAND2_LIMB_3xF_reproc.mm9.bigWigAverageOverBed.tsv	HAND2	GEO	GSE55707	GSM1447340		ChIP-seq	embryonic limb bud	limb_unspecified	E10.5	3xF_reprocessed		GSM1447341	mm9	wig->bigWig	ftp_geo_series_tar	descriptive_only	Sparser dynamic range and higher zero count across 13 enhancers	Retained for sensitivity/QC, excluded from primary factor scoring aggregation	4.0	0.75
mm1179	1516	428	30.4	0.0200528	0.071028	GSM1447340_HAND2_LIMB_3xF_reproc	mm9	GSM1447340_HAND2_LIMB_3xF_reproc.mm9.bigWigAverageOverBed.tsv	HAND2	GEO	GSE55707	GSM1447340		ChIP-seq	embryonic limb bud	limb_unspecified	E10.5	3xF_reprocessed		GSM1447341	mm9	wig->bigWig	ftp_geo_series_tar	descriptive_only	Sparser dynamic range and higher zero count across 13 enhancers	Retained for sensitivity/QC, excluded from primary factor scoring aggregation	7.0	0.5
mm1889	5399	500	1100.0	0.203741	2.2	GSM1447340_HAND2_LIMB_3xF_reproc	mm9	GSM1447340_HAND2_LIMB_3xF_reproc.mm9.bigWigAverageOverBed.tsv	HAND2	GEO	GSE55707	GSM1447340		ChIP-seq	embryonic limb bud	limb_unspecified	E10.5	3xF_reprocessed		GSM1447341	mm9	wig->bigWig	ftp_geo_series_tar	descriptive_only	Sparser dynamic range and higher zero count across 13 enhancers	Retained for sensitivity/QC, excluded from primary factor scoring aggregation	3.0	0.8333333333333334
CNE14_hs1586_mm1977	1119	100	2350.0	2.10009	23.5	GSM1447340_HAND2_LIMB_3xF_reproc	mm9	GSM1447340_HAND2_LIMB_3xF_reproc.mm9.bigWigAverageOverBed.tsv	HAND2	GEO	GSE55707	GSM1447340		ChIP-seq	embryonic limb bud	limb_unspecified	E10.5	3xF_reprocessed		GSM1447341	mm9	wig->bigWig	ftp_geo_series_tar	descriptive_only	Sparser dynamic range and higher zero count across 13 enhancers	Retained for sensitivity/QC, excluded from primary factor scoring aggregation	1.0	1.0
mm2018	5256	0	0.0	0.0	0.0	GSM1447340_HAND2_LIMB_3xF_reproc	mm9	GSM1447340_HAND2_LIMB_3xF_reproc.mm9.bigWigAverageOverBed.tsv	HAND2	GEO	GSE55707	GSM1447340		ChIP-seq	embryonic limb bud	limb_unspecified	E10.5	3xF_reprocessed		GSM1447341	mm9	wig->bigWig	ftp_geo_series_tar	descriptive_only	Sparser dynamic range and higher zero count across 13 enhancers	Retained for sensitivity/QC, excluded from primary factor scoring aggregation	10.5	0.20833333333333334
CNE18	700	0	0.0	0.0	0.0	GSM1447340_HAND2_LIMB_3xF_reproc	mm9	GSM1447340_HAND2_LIMB_3xF_reproc.mm9.bigWigAverageOverBed.tsv	HAND2	GEO	GSE55707	GSM1447340		ChIP-seq	embryonic limb bud	limb_unspecified	E10.5	3xF_reprocessed		GSM1447341	mm9	wig->bigWig	ftp_geo_series_tar	descriptive_only	Sparser dynamic range and higher zero count across 13 enhancers	Retained for sensitivity/QC, excluded from primary factor scoring aggregation	10.5	0.20833333333333334
CNE19	613	0	0.0	0.0	0.0	GSM1447340_HAND2_LIMB_3xF_reproc	mm9	GSM1447340_HAND2_LIMB_3xF_reproc.mm9.bigWigAverageOverBed.tsv	HAND2	GEO	GSE55707	GSM1447340		ChIP-seq	embryonic limb bud	limb_unspecified	E10.5	3xF_reprocessed		GSM1447341	mm9	wig->bigWig	ftp_geo_series_tar	descriptive_only	Sparser dynamic range and higher zero count across 13 enhancers	Retained for sensitivity/QC, excluded from primary factor scoring aggregation	10.5	0.20833333333333334
CNE21	690	0	0.0	0.0	0.0	GSM1447340_HAND2_LIMB_3xF_reproc	mm9	GSM1447340_HAND2_LIMB_3xF_reproc.mm9.bigWigAverageOverBed.tsv	HAND2	GEO	GSE55707	GSM1447340		ChIP-seq	embryonic limb bud	limb_unspecified	E10.5	3xF_reprocessed		GSM1447341	mm9	wig->bigWig	ftp_geo_series_tar	descriptive_only	Sparser dynamic range and higher zero count across 13 enhancers	Retained for sensitivity/QC, excluded from primary factor scoring aggregation	10.5	0.20833333333333334
CNE13	425	0	0.0	0.0	0.0	GSM1447340_HAND2_LIMB_3xF_reproc	mm9	GSM1447340_HAND2_LIMB_3xF_reproc.mm9.bigWigAverageOverBed.tsv	HAND2	GEO	GSE55707	GSM1447340		ChIP-seq	embryonic limb bud	limb_unspecified	E10.5	3xF_reprocessed		GSM1447341	mm9	wig->bigWig	ftp_geo_series_tar	descriptive_only	Sparser dynamic range and higher zero count across 13 enhancers	Retained for sensitivity/QC, excluded from primary factor scoring aggregation	10.5	0.20833333333333334
mm2080	5250	2653	4426.0	0.843048	1.6683	GSM1019784_hl1_pitx1_chip	mm9	GSM1019784_hl1_pitx1_chip.mm9.bigWigAverageOverBed.tsv	PITX1	GEO	GSE41591	GSM1019784	SRX195355	ChIP-seq	embryonic hindlimb bud	hindlimb	E11.5	wild_type	rep1	GSM1019785	mm9	wig->bigWig	ftp_geo_sample	score	Rep1 PITX1 ChIP; GEO supplementary WIG		10.0	0.25
mm2176	5457	1916	3008.0	0.551219	1.56994	GSM1019784_hl1_pitx1_chip	mm9	GSM1019784_hl1_pitx1_chip.mm9.bigWigAverageOverBed.tsv	PITX1	GEO	GSE41591	GSM1019784	SRX195355	ChIP-seq	embryonic hindlimb bud	hindlimb	E11.5	wild_type	rep1	GSM1019785	mm9	wig->bigWig	ftp_geo_sample	score	Rep1 PITX1 ChIP; GEO supplementary WIG		11.0	0.16666666666666666
mm1859	5188	2868	4728.0	0.911334	1.64854	GSM1019784_hl1_pitx1_chip	mm9	GSM1019784_hl1_pitx1_chip.mm9.bigWigAverageOverBed.tsv	PITX1	GEO	GSE41591	GSM1019784	SRX195355	ChIP-seq	embryonic hindlimb bud	hindlimb	E11.5	wild_type	rep1	GSM1019785	mm9	wig->bigWig	ftp_geo_sample	score	Rep1 PITX1 ChIP; GEO supplementary WIG		8.0	0.4166666666666667
mm2164	5620	3340	4820.0	0.857651	1.44311	GSM1019784_hl1_pitx1_chip	mm9	GSM1019784_hl1_pitx1_chip.mm9.bigWigAverageOverBed.tsv	PITX1	GEO	GSE41591	GSM1019784	SRX195355	ChIP-seq	embryonic hindlimb bud	hindlimb	E11.5	wild_type	rep1	GSM1019785	mm9	wig->bigWig	ftp_geo_sample	score	Rep1 PITX1 ChIP; GEO supplementary WIG		9.0	0.3333333333333333
mm1887	5267	160	160.0	0.0303778	1.0	GSM1019784_hl1_pitx1_chip	mm9	GSM1019784_hl1_pitx1_chip.mm9.bigWigAverageOverBed.tsv	PITX1	GEO	GSE41591	GSM1019784	SRX195355	ChIP-seq	embryonic hindlimb bud	hindlimb	E11.5	wild_type	rep1	GSM1019785	mm9	wig->bigWig	ftp_geo_sample	score	Rep1 PITX1 ChIP; GEO supplementary WIG		12.0	0.08333333333333333
mm1179	1516	0	0.0	0.0	0.0	GSM1019784_hl1_pitx1_chip	mm9	GSM1019784_hl1_pitx1_chip.mm9.bigWigAverageOverBed.tsv	PITX1	GEO	GSE41591	GSM1019784	SRX195355	ChIP-seq	embryonic hindlimb bud	hindlimb	E11.5	wild_type	rep1	GSM1019785	mm9	wig->bigWig	ftp_geo_sample	score	Rep1 PITX1 ChIP; GEO supplementary WIG		13.0	0.0
mm1889	5399	3899	7558.0	1.39989	1.93845	GSM1019784_hl1_pitx1_chip	mm9	GSM1019784_hl1_pitx1_chip.mm9.bigWigAverageOverBed.tsv	PITX1	GEO	GSE41591	GSM1019784	SRX195355	ChIP-seq	embryonic hindlimb bud	hindlimb	E11.5	wild_type	rep1	GSM1019785	mm9	wig->bigWig	ftp_geo_sample	score	Rep1 PITX1 ChIP; GEO supplementary WIG		7.0	0.5
CNE14_hs1586_mm1977	1119	1119	5749.0	5.13762	5.13762	GSM1019784_hl1_pitx1_chip	mm9	GSM1019784_hl1_pitx1_chip.mm9.bigWigAverageOverBed.tsv	PITX1	GEO	GSE41591	GSM1019784	SRX195355	ChIP-seq	embryonic hindlimb bud	hindlimb	E11.5	wild_type	rep1	GSM1019785	mm9	wig->bigWig	ftp_geo_sample	score	Rep1 PITX1 ChIP; GEO supplementary WIG		1.0	1.0
mm2018	5256	4478	12108.0	2.30365	2.70389	GSM1019784_hl1_pitx1_chip	mm9	GSM1019784_hl1_pitx1_chip.mm9.bigWigAverageOverBed.tsv	PITX1	GEO	GSE41591	GSM1019784	SRX195355	ChIP-seq	embryonic hindlimb bud	hindlimb	E11.5	wild_type	rep1	GSM1019785	mm9	wig->bigWig	ftp_geo_sample	score	Rep1 PITX1 ChIP; GEO supplementary WIG		4.0	0.75
CNE18	700	640	2438.0	3.48286	3.80938	GSM1019784_hl1_pitx1_chip	mm9	GSM1019784_hl1_pitx1_chip.mm9.bigWigAverageOverBed.tsv	PITX1	GEO	GSE41591	GSM1019784	SRX195355	ChIP-seq	embryonic hindlimb bud	hindlimb	E11.5	wild_type	rep1	GSM1019785	mm9	wig->bigWig	ftp_geo_sample	score	Rep1 PITX1 ChIP; GEO supplementary WIG		2.0	0.9166666666666666
CNE19	613	563	1857.0	3.02936	3.2984	GSM1019784_hl1_pitx1_chip	mm9	GSM1019784_hl1_pitx1_chip.mm9.bigWigAverageOverBed.tsv	PITX1	GEO	GSE41591	GSM1019784	SRX195355	ChIP-seq	embryonic hindlimb bud	hindlimb	E11.5	wild_type	rep1	GSM1019785	mm9	wig->bigWig	ftp_geo_sample	score	Rep1 PITX1 ChIP; GEO supplementary WIG		3.0	0.8333333333333334
CNE21	690	587	1237.0	1.79275	2.10733	GSM1019784_hl1_pitx1_chip	mm9	GSM1019784_hl1_pitx1_chip.mm9.bigWigAverageOverBed.tsv	PITX1	GEO	GSE41591	GSM1019784	SRX195355	ChIP-seq	embryonic hindlimb bud	hindlimb	E11.5	wild_type	rep1	GSM1019785	mm9	wig->bigWig	ftp_geo_sample	score	Rep1 PITX1 ChIP; GEO supplementary WIG		6.0	0.5833333333333334
CNE13	425	395	788.0	1.85412	1.99494	GSM1019784_hl1_pitx1_chip	mm9	GSM1019784_hl1_pitx1_chip.mm9.bigWigAverageOverBed.tsv	PITX1	GEO	GSE41591	GSM1019784	SRX195355	ChIP-seq	embryonic hindlimb bud	hindlimb	E11.5	wild_type	rep1	GSM1019785	mm9	wig->bigWig	ftp_geo_sample	score	Rep1 PITX1 ChIP; GEO supplementary WIG		5.0	0.6666666666666666
mm2080	5250	2210	3780.0	0.72	1.71041	GSM1019786_hl2_pitx1_chip	mm9	GSM1019786_hl2_pitx1_chip.mm9.bigWigAverageOverBed.tsv	PITX1	GEO	GSE41591	GSM1019786	SRX195357	ChIP-seq	embryonic hindlimb bud	hindlimb	E11.5	wild_type	rep2	GSM1019787	mm9	wig->bigWig	ftp_geo_sample	score	Rep2 PITX1 ChIP; GEO supplementary WIG		10.0	0.25
mm2176	5457	2266	2926.0	0.536192	1.29126	GSM1019786_hl2_pitx1_chip	mm9	GSM1019786_hl2_pitx1_chip.mm9.bigWigAverageOverBed.tsv	PITX1	GEO	GSE41591	GSM1019786	SRX195357	ChIP-seq	embryonic hindlimb bud	hindlimb	E11.5	wild_type	rep2	GSM1019787	mm9	wig->bigWig	ftp_geo_sample	score	Rep2 PITX1 ChIP; GEO supplementary WIG		11.0	0.16666666666666666
mm1859	5188	2315	3775.0	0.727641	1.63067	GSM1019786_hl2_pitx1_chip	mm9	GSM1019786_hl2_pitx1_chip.mm9.bigWigAverageOverBed.tsv	PITX1	GEO	GSE41591	GSM1019786	SRX195357	ChIP-seq	embryonic hindlimb bud	hindlimb	E11.5	wild_type	rep2	GSM1019787	mm9	wig->bigWig	ftp_geo_sample	score	Rep2 PITX1 ChIP; GEO supplementary WIG		9.0	0.3333333333333333
mm2164	5620	3430	6680.0	1.18861	1.94752	GSM1019786_hl2_pitx1_chip	mm9	GSM1019786_hl2_pitx1_chip.mm9.bigWigAverageOverBed.tsv	PITX1	GEO	GSE41591	GSM1019786	SRX195357	ChIP-seq	embryonic hindlimb bud	hindlimb	E11.5	wild_type	rep2	GSM1019787	mm9	wig->bigWig	ftp_geo_sample	score	Rep2 PITX1 ChIP; GEO supplementary WIG		8.0	0.4166666666666667
mm1887	5267	320	630.0	0.119613	1.96875	GSM1019786_hl2_pitx1_chip	mm9	GSM1019786_hl2_pitx1_chip.mm9.bigWigAverageOverBed.tsv	PITX1	GEO	GSE41591	GSM1019786	SRX195357	ChIP-seq	embryonic hindlimb bud	hindlimb	E11.5	wild_type	rep2	GSM1019787	mm9	wig->bigWig	ftp_geo_sample	score	Rep2 PITX1 ChIP; GEO supplementary WIG		12.0	0.08333333333333333
mm1179	1516	0	0.0	0.0	0.0	GSM1019786_hl2_pitx1_chip	mm9	GSM1019786_hl2_pitx1_chip.mm9.bigWigAverageOverBed.tsv	PITX1	GEO	GSE41591	GSM1019786	SRX195357	ChIP-seq	embryonic hindlimb bud	hindlimb	E11.5	wild_type	rep2	GSM1019787	mm9	wig->bigWig	ftp_geo_sample	score	Rep2 PITX1 ChIP; GEO supplementary WIG		13.0	0.0
mm1889	5399	3599	7098.0	1.31469	1.97221	GSM1019786_hl2_pitx1_chip	mm9	GSM1019786_hl2_pitx1_chip.mm9.bigWigAverageOverBed.tsv	PITX1	GEO	GSE41591	GSM1019786	SRX195357	ChIP-seq	embryonic hindlimb bud	hindlimb	E11.5	wild_type	rep2	GSM1019787	mm9	wig->bigWig	ftp_geo_sample	score	Rep2 PITX1 ChIP; GEO supplementary WIG		7.0	0.5
CNE14_hs1586_mm1977	1119	1119	6751.0	6.03307	6.03307	GSM1019786_hl2_pitx1_chip	mm9	GSM1019786_hl2_pitx1_chip.mm9.bigWigAverageOverBed.tsv	PITX1	GEO	GSE41591	GSM1019786	SRX195357	ChIP-seq	embryonic hindlimb bud	hindlimb	E11.5	wild_type	rep2	GSM1019787	mm9	wig->bigWig	ftp_geo_sample	score	Rep2 PITX1 ChIP; GEO supplementary WIG		1.0	1.0
mm2018	5256	4408	9152.0	1.74125	2.07623	GSM1019786_hl2_pitx1_chip	mm9	GSM1019786_hl2_pitx1_chip.mm9.bigWigAverageOverBed.tsv	PITX1	GEO	GSE41591	GSM1019786	SRX195357	ChIP-seq	embryonic hindlimb bud	hindlimb	E11.5	wild_type	rep2	GSM1019787	mm9	wig->bigWig	ftp_geo_sample	score	Rep2 PITX1 ChIP; GEO supplementary WIG		4.0	0.75
CNE18	700	700	2082.0	2.97429	2.97429	GSM1019786_hl2_pitx1_chip	mm9	GSM1019786_hl2_pitx1_chip.mm9.bigWigAverageOverBed.tsv	PITX1	GEO	GSE41591	GSM1019786	SRX195357	ChIP-seq	embryonic hindlimb bud	hindlimb	E11.5	wild_type	rep2	GSM1019787	mm9	wig->bigWig	ftp_geo_sample	score	Rep2 PITX1 ChIP; GEO supplementary WIG		2.0	0.9166666666666666
CNE19	613	513	1556.0	2.53834	3.03314	GSM1019786_hl2_pitx1_chip	mm9	GSM1019786_hl2_pitx1_chip.mm9.bigWigAverageOverBed.tsv	PITX1	GEO	GSE41591	GSM1019786	SRX195357	ChIP-seq	embryonic hindlimb bud	hindlimb	E11.5	wild_type	rep2	GSM1019787	mm9	wig->bigWig	ftp_geo_sample	score	Rep2 PITX1 ChIP; GEO supplementary WIG		3.0	0.8333333333333334
CNE21	690	483	1026.0	1.48696	2.12422	GSM1019786_hl2_pitx1_chip	mm9	GSM1019786_hl2_pitx1_chip.mm9.bigWigAverageOverBed.tsv	PITX1	GEO	GSE41591	GSM1019786	SRX195357	ChIP-seq	embryonic hindlimb bud	hindlimb	E11.5	wild_type	rep2	GSM1019787	mm9	wig->bigWig	ftp_geo_sample	score	Rep2 PITX1 ChIP; GEO supplementary WIG		5.0	0.6666666666666666
CNE13	425	425	599.0	1.40941	1.40941	GSM1019786_hl2_pitx1_chip	mm9	GSM1019786_hl2_pitx1_chip.mm9.bigWigAverageOverBed.tsv	PITX1	GEO	GSE41591	GSM1019786	SRX195357	ChIP-seq	embryonic hindlimb bud	hindlimb	E11.5	wild_type	rep2	GSM1019787	mm9	wig->bigWig	ftp_geo_sample	score	Rep2 PITX1 ChIP; GEO supplementary WIG		6.0	0.5833333333333334
mm2080	5250	600	600.0	0.114286	1.0	GSM348066_p300_wiggle	mm9	GSM348066_p300_wiggle.mm9.bigWigAverageOverBed.tsv	p300	GEO	GSE13845	GSM348066	SRX002661	ChIP-seq	embryonic limb	limb_unspecified	E11.5	CD1			mm9	wig->bigWig	ftp_geo_sample	score	Processed p300 weighted coverage track; mm9; GEO supplementary WIG		8.0	0.4166666666666667
mm2176	5457	600	600.0	0.109951	1.0	GSM348066_p300_wiggle	mm9	GSM348066_p300_wiggle.mm9.bigWigAverageOverBed.tsv	p300	GEO	GSE13845	GSM348066	SRX002661	ChIP-seq	embryonic limb	limb_unspecified	E11.5	CD1			mm9	wig->bigWig	ftp_geo_sample	score	Processed p300 weighted coverage track; mm9; GEO supplementary WIG		9.0	0.3333333333333333
mm1859	5188	700	900.0	0.173477	1.28571	GSM348066_p300_wiggle	mm9	GSM348066_p300_wiggle.mm9.bigWigAverageOverBed.tsv	p300	GEO	GSE13845	GSM348066	SRX002661	ChIP-seq	embryonic limb	limb_unspecified	E11.5	CD1			mm9	wig->bigWig	ftp_geo_sample	score	Processed p300 weighted coverage track; mm9; GEO supplementary WIG		7.0	0.5
mm2164	5620	2325	2700.0	0.480427	1.16129	GSM348066_p300_wiggle	mm9	GSM348066_p300_wiggle.mm9.bigWigAverageOverBed.tsv	p300	GEO	GSE13845	GSM348066	SRX002661	ChIP-seq	embryonic limb	limb_unspecified	E11.5	CD1			mm9	wig->bigWig	ftp_geo_sample	score	Processed p300 weighted coverage track; mm9; GEO supplementary WIG		4.0	0.75
mm1887	5267	0	0.0	0.0	0.0	GSM348066_p300_wiggle	mm9	GSM348066_p300_wiggle.mm9.bigWigAverageOverBed.tsv	p300	GEO	GSE13845	GSM348066	SRX002661	ChIP-seq	embryonic limb	limb_unspecified	E11.5	CD1			mm9	wig->bigWig	ftp_geo_sample	score	Processed p300 weighted coverage track; mm9; GEO supplementary WIG		12.0	0.08333333333333333
mm1179	1516	0	0.0	0.0	0.0	GSM348066_p300_wiggle	mm9	GSM348066_p300_wiggle.mm9.bigWigAverageOverBed.tsv	p300	GEO	GSE13845	GSM348066	SRX002661	ChIP-seq	embryonic limb	limb_unspecified	E11.5	CD1			mm9	wig->bigWig	ftp_geo_sample	score	Processed p300 weighted coverage track; mm9; GEO supplementary WIG		12.0	0.08333333333333333
mm1889	5399	1382	1607.0	0.297648	1.16281	GSM348066_p300_wiggle	mm9	GSM348066_p300_wiggle.mm9.bigWigAverageOverBed.tsv	p300	GEO	GSE13845	GSM348066	SRX002661	ChIP-seq	embryonic limb	limb_unspecified	E11.5	CD1			mm9	wig->bigWig	ftp_geo_sample	score	Processed p300 weighted coverage track; mm9; GEO supplementary WIG		6.0	0.5833333333333334
CNE14_hs1586_mm1977	1119	419	605.0	0.540661	1.44391	GSM348066_p300_wiggle	mm9	GSM348066_p300_wiggle.mm9.bigWigAverageOverBed.tsv	p300	GEO	GSE13845	GSM348066	SRX002661	ChIP-seq	embryonic limb	limb_unspecified	E11.5	CD1			mm9	wig->bigWig	ftp_geo_sample	score	Processed p300 weighted coverage track; mm9; GEO supplementary WIG		3.0	0.8333333333333334
mm2018	5256	1465	1815.0	0.34532	1.23891	GSM348066_p300_wiggle	mm9	GSM348066_p300_wiggle.mm9.bigWigAverageOverBed.tsv	p300	GEO	GSE13845	GSM348066	SRX002661	ChIP-seq	embryonic limb	limb_unspecified	E11.5	CD1			mm9	wig->bigWig	ftp_geo_sample	score	Processed p300 weighted coverage track; mm9; GEO supplementary WIG		5.0	0.6666666666666666
CNE18	700	325	600.0	0.857143	1.84615	GSM348066_p300_wiggle	mm9	GSM348066_p300_wiggle.mm9.bigWigAverageOverBed.tsv	p300	GEO	GSE13845	GSM348066	SRX002661	ChIP-seq	embryonic limb	limb_unspecified	E11.5	CD1			mm9	wig->bigWig	ftp_geo_sample	score	Processed p300 weighted coverage track; mm9; GEO supplementary WIG		1.0	1.0
CNE19	613	17	17.0	0.0277325	1.0	GSM348066_p300_wiggle	mm9	GSM348066_p300_wiggle.mm9.bigWigAverageOverBed.tsv	p300	GEO	GSE13845	GSM348066	SRX002661	ChIP-seq	embryonic limb	limb_unspecified	E11.5	CD1			mm9	wig->bigWig	ftp_geo_sample	score	Processed p300 weighted coverage track; mm9; GEO supplementary WIG		10.0	0.25
CNE21	690	0	0.0	0.0	0.0	GSM348066_p300_wiggle	mm9	GSM348066_p300_wiggle.mm9.bigWigAverageOverBed.tsv	p300	GEO	GSE13845	GSM348066	SRX002661	ChIP-seq	embryonic limb	limb_unspecified	E11.5	CD1			mm9	wig->bigWig	ftp_geo_sample	score	Processed p300 weighted coverage track; mm9; GEO supplementary WIG		12.0	0.08333333333333333
CNE13	425	261	261.0	0.614118	1.0	GSM348066_p300_wiggle	mm9	GSM348066_p300_wiggle.mm9.bigWigAverageOverBed.tsv	p300	GEO	GSE13845	GSM348066	SRX002661	ChIP-seq	embryonic limb	limb_unspecified	E11.5	CD1			mm9	wig->bigWig	ftp_geo_sample	score	Processed p300 weighted coverage track; mm9; GEO supplementary WIG		2.0	0.9166666666666666
